{
    "1912b413450": {
        "plan": "𝗩𝗜𝗣",
        "timer": "2024-06-14 18:15"
    },
    "1912h413450": {
        "plan": "𝗩𝗜𝗣",
        "timer": "2024-07-06 22:28"
    },
    "1218 380390": {
        "plan": "𝗙𝗥𝗘𝗘",
        "timer": "none"
    },
    "630b4872434": {
        "plan": "𝗩𝗜𝗣",
        "timer": "2024-06-11 08:52"
    },
    "1912413b450": {
        "plan": "𝗙𝗥𝗘𝗘",
        "timer": "none"
    },
    "191241b3450": {
        "plan": "𝗙𝗥𝗘𝗘",
        "timer": "none"
    },
    "moad-KYEL-GBJI-9TUU": {
        "plan": "𝗩𝗜𝗣",
        "time": "2024-06-12 16:03"
    },
    "1912413450": {
        "plan": "𝗩𝗜𝗣",
        "timer": "2035-12-29 12:21"
    }
}